,Places,BirthCoords
0,Polska,"(51.919438, 19.145136)"
1,"Philadelphia, United States","(39.9525839, -75.1652215)"
2,"Springfield, United States","(42.1014831, -72.589811)"
3,"Leicestershire, United Kingdom","(52.772571, -1.2052126)"
4,"Wigan, United Kingdom","(53.5450645, -2.6325074)"
5,"Tel Aviv-Yafo, Yisra'el","(32.0852999, 34.78176759999999)"
6,"Kiel, Deutschland","(54.3232927, 10.1227651)"
7,"New York, United States","(40.7127753, -74.0059728)"
8,"Isleworth, United Kingdom","(51.467121, -0.329003)"
9,"Leeds, United Kingdom","(53.8007554, -1.5490774)"
10,"Kirkcaldy, United Kingdom","(56.1168249, -3.158137)"
11,"Worcester, United Kingdom","(52.193636, -2.221575)"
12,"London, United Kingdom","(51.5072178, -0.1275862)"
13,"Northampton, United Kingdom","(52.240477, -0.9026560000000001)"
14,"Tuszyn, Polska","(51.6061554, 19.5335486)"
15,"Reading, United Kingdom","(51.4542645, -0.9781303)"
16,"Udine, Italia","(46.0710668, 13.2345794)"
17,"Ayacucho, Argentina","(-37.1502686, -58.4829712)"
18,"Genève, Schweiz","(46.2043907, 6.1431577)"
19,"Hämeenlinna, Suomi","(60.9928787, 24.4590244)"
20,"Beijing, Zhonghua","(39.983033, 116.392131)"
21,"Edinburgh, United Kingdom","(55.953252, -3.188267)"
22,"Carpignano Sesia, Italia","(45.5329116, 8.4164499)"
23,"Izmir, Türkiye","(38.423734, 27.142826)"
24,"Kirkuk, Al-‘Iraq","(35.4666329, 44.3798895)"
25,"Berlin, Deutschland","(52.52000659999999, 13.404954)"
26,"Bottrop, Deutschland","(51.529086, 6.944688699999999)"
27,"Chicago, United States","(41.8781136, -87.6297982)"
28,"Greenwich, United Kingdom","(51.4933675, 0.0098214)"
29,"Bruxelles, België","(50.8503396, 4.3517103)"
30,"Maidstone, United Kingdom","(51.270363, 0.522699)"
31,"Moskva, Rossiya","(55.755826, 37.6172999)"
32,,"(36.12707109999999, -79.86071799999999)"
33,"Alloa, United Kingdom","(56.114073, -3.791896)"
34,"Southampton, United Kingdom","(50.90970040000001, -1.4043509)"
35,"Paris, France","(48.856614, 2.3522219)"
36,"Lambeth, United Kingdom","(51.4935082, -0.1178424)"
37,"Worcestershire, United Kingdom","(52.2545225, -2.2668382)"
38,"Seremban, Malaysia","(2.725889, 101.9378239)"
39,"Cumbria, United Kingdom","(54.5772323, -2.7974835)"
40,"Dronrijp, Nederland","(53.1966063, 5.6449476)"
41,"Lisboa, Portugal","(38.7222524, -9.1393366)"
42,"Warszawa, Polska","(52.2296756, 21.0122287)"
43,"Los Angeles, United States","(34.0522342, -118.2436849)"
44,"Antwerpen, België","(51.2194475, 4.4024643)"
45,"Napoli, Italia","(40.8517983, 14.26812)"
46,Solothurn,"(47.2088348, 7.532291)"
47,"Ciudad de México, México","(19.4326077, -99.133208)"
48,"Córdoba, España","(37.8881751, -4.7793835)"
49,"Birmingham, United Kingdom","(52.48624299999999, -1.890401)"
50,"Lima, Perú","(-12.0463731, -77.042754)"
51,"Maceió, Brasil","(-9.6660417, -35.7352167)"
52,"Quincy, United States","(42.2528772, -71.0022705)"
53,"Odessa, Ukrayina","(46.482526, 30.7233095)"
54,"Norwich, United Kingdom","(52.6308859, 1.297355)"
55,"Dunkerque, France","(51.0343684, 2.3767763)"
56,"Eure, France","(49.11817629999999, 0.9582113999999999)"
57,"Sankt-Peterburg, Rossiya","(59.9310584, 30.3609096)"
58,"Tehran, Îran","(35.6891975, 51.3889736)"
59,"Liverpool, United Kingdom","(53.4083714, -2.9915726)"
60,"Piemonte, Italia","(45.0522366, 7.5153885)"
61,"Erie, United States","(42.12922409999999, -80.085059)"
62,"Barquisimeto, Venezuela","(10.0677719, -69.3473509)"
63,"Amsterdam, Nederland","(52.3675734, 4.9041389)"
64,"Fulham, United Kingdom","(51.480192, -0.1948546)"
65,"Middlesbrough, United Kingdom","(54.574227, -1.234956)"
66,"Karachi, Pakistan","(24.8607343, 67.0011364)"
67,"Nagoya, Nihon","(35.18145060000001, 136.9065571)"
68,"Tokyo, Nihon","(35.6803997, 139.7690174)"
69,"Caracas, Venezuela","(10.4805937, -66.90360629999999)"
70,"Buffalo, United States","(42.88644679999999, -78.8783689)"
71,"Kiyev, Ukrayina","(50.4501, 30.5234)"
72,"Hai Phìng, Viet Nam","(20.8449115, 106.6880841)"
73,"Tuchów, Polska","(49.89477, 21.05416)"
74,"Radauti, România","(47.84085049999999, 25.9138305)"
75,"Nice, France","(43.7101728, 7.261953200000001)"
76,"Ringwood, United Kingdom","(50.844949, -1.788817)"
77,"Hastings, United Kingdom","(50.854259, 0.573453)"
78,"Berkshire, United Kingdom","(51.4669939, -1.1853677)"
79,"Oxford, United Kingdom","(51.7520209, -1.2577263)"
80,"Strasburg, Deutschland","(53.51029699999999, 13.7450956)"
81,"Geelong, Australia","(-38.1499181, 144.3617186)"
82,"Chipping Norton, United Kingdom","(51.943544, -1.542189)"
83,"Washington, United States","(47.7510741, -120.7401385)"
84,"Rotherham, United Kingdom","(53.4326035, -1.3635009)"
85,"Istanbul, Türkiye","(41.0082376, 28.9783589)"
86,"Batman, Türkiye","(37.8895167, 41.1292832)"
87,United Kingdom,"(55.378051, -3.435973)"
88,"Barnsley, United Kingdom","(53.55263, -1.479726)"
89,"Qacentina, Al-Jaza'ir","(36.3570052, 6.639028199999999)"
90,"Saint Louis City, United States","(38.6270025, -90.19940419999999)"
91,"Dugny, France","(48.95217900000001, 2.416983)"
92,"Richmond, United Kingdom","(51.46131099999999, -0.303742)"
93,"Cavaillon, France","(43.8366045, 5.0407814)"
94,"Harlow, United Kingdom","(51.767787, 0.087806)"
95,"Leicester, United Kingdom","(52.6368778, -1.1397592)"
96,"Oban, United Kingdom","(56.415157, -5.471047)"
97,"Altmar, United States","(43.5100703, -76.00214199999999)"
98,"Québec, Canada","(46.8138783, -71.2079809)"
99,"Marj ‘Uyun, Al-Lubnan","(33.3594755, 35.5889282)"
100,"Stockholm, Sverige","(59.32932349999999, 18.0685808)"
101,"Dublin, Éire","(53.3498053, -6.2603097)"
102,"Seattle, United States","(47.6062095, -122.3320708)"
103,"Halmstad, Sverige","(56.6743748, 12.8577885)"
104,"Bristol, United Kingdom","(51.454513, -2.58791)"
105,"Milano, Italia","(45.4642035, 9.189982)"
106,"National City, United States","(32.6781085, -117.0991967)"
107,"Torino, Italia","(45.0703393, 7.686864)"
108,"Newport Beach, United States","(33.6188829, -117.9298493)"
109,"England, United Kingdom","(52.3555177, -1.1743197)"
110,"Chelsea, United Kingdom","(51.4869429, -0.170037)"
111,"Dormans, France","(49.07464, 3.638479)"
112,"Paisley, United Kingdom","(55.847258, -4.440113999999999)"
113,"Sutton Coldfield, United Kingdom","(52.57038499999999, -1.824042)"
114,"Luton, United Kingdom","(51.8786707, -0.4200255)"
115,"Sydenham, United Kingdom","(51.42476, -0.059399)"
116,"Pontypool, United Kingdom","(51.700369, -3.045268)"
117,"Wedel, Deutschland","(53.58238129999999, 9.7137465)"
118,"Newcastle upon Tyne, United Kingdom","(54.978252, -1.61778)"
119,"San Francisco, United States","(37.7749295, -122.4194155)"
120,"Pistoia, Italia","(43.9303475, 10.9078587)"
121,"Saint Andrews, United Kingdom","(56.3397753, -2.7967214)"
122,"Plymouth, United Kingdom","(50.3754565, -4.1426565)"
123,"Cork, Éire","(51.8985143, -8.4756035)"
124,"‘Afula, Yisra'el","(32.6104931, 35.287922)"
125,"Long Beach, United States","(33.7700504, -118.1937395)"
126,"Firenze, Italia","(43.7695604, 11.2558136)"
127,"São Paulo, Brasil","(-23.5557714, -46.6395571)"
128,"Sachsen, Deutschland","(51.1045407, 13.2017384)"
129,"New Brunswick, United States","(40.4862157, -74.4518188)"
130,"Dundee, United Kingdom","(56.462018, -2.970721)"
131,"Kendal, United Kingdom","(54.32800599999999, -2.74629)"
132,"Stevenage, United Kingdom","(51.903761, -0.196612)"
133,"Calgary, Canada","(51.04473309999999, -114.0718831)"
134,"Château-Renault, France","(47.5919079, 0.9092099999999999)"
135,"s Gravenhage, Nederland","(52.0704978, 4.3006999)"
136,"Stuttgart, Deutschland","(48.7758459, 9.1829321)"
137,"Rheinsberg, Deutschland","(53.0983691, 12.8974874)"
138,Braintree,"(41.888461, -87.63547179999999)"
139,"Essex, United Kingdom","(51.57424469999999, 0.4856781)"
140,"Haag am Hausruck, Österreich","(48.1850529, 13.6413273)"
141,"Pittsburgh, United States","(40.44062479999999, -79.9958864)"
142,"Dorset, United Kingdom","(50.7487635, -2.3444786)"
143,"Barrow, United Kingdom","(54.108967, -3.218894)"
144,Canada,"(56.130366, -106.346771)"
145,"Aberdare, United Kingdom","(51.716154, -3.451816)"
146,"Brighton, United Kingdom","(50.82253000000001, -0.137163)"
147,"Hartlepool, United Kingdom","(54.691745, -1.212926)"
148,"Great Dunmow, United Kingdom","(51.873148, 0.35792)"
149,"Novi Sad, Jugoslavija","(45.2888544, 19.7244979)"
150,Deutschland,"(51.165691, 10.451526)"
151,"Hamburg, United States","(42.7158927, -78.8294768)"
152,"Leipzig, Deutschland","(51.3396955, 12.3730747)"
153,"Burford, United Kingdom","(51.807083, -1.63679)"
154,"Hampstead, United Kingdom","(51.5556461, -0.1761749)"
155,"Durban, South Africa","(-29.85868039999999, 31.0218404)"
156,"Greater London, United Kingdom","(51.4309209, -0.0936496)"
157,South Africa,"(-30.559482, 22.937506)"
158,France,"(46.227638, 2.213749)"
159,"Kensington, United Kingdom","(51.5010095, -0.1932794)"
160,"Port Seton, United Kingdom","(55.9693996, -2.9626269)"
161,"Katowice, Polska","(50.26489189999999, 19.0237815)"
162,"Louisiana, United States","(30.9842977, -91.96233269999999)"
163,"Hampshire, United Kingdom","(51.05769480000001, -1.3080629)"
164,"Chatou, France","(48.896391, 2.160098)"
165,"Bosanski Petrovac, Bosna i Hercegovina","(44.550306, 16.364376)"
166,Slovenija,"(46.151241, 14.995463)"
167,"Niagara Falls, United States","(43.0962143, -79.0377388)"
168,"Krefeld, Deutschland","(51.3387609, 6.5853417)"
169,"Hove, United Kingdom","(50.8279319, -0.168749)"
170,"Bradford, United Kingdom","(53.795984, -1.759398)"
171,"Mbarara, Uganda","(-0.6071596, 30.6545022)"
172,Barbados,"(13.193887, -59.543198)"
173,"Cleveland, United States","(41.49932, -81.6943605)"
174,"Goch, Deutschland","(51.679984, 6.156552200000001)"
175,"Kingston-upon-Thames, United Kingdom","(51.41233, -0.300689)"
176,"Alberta, Canada","(53.9332706, -116.5765035)"
177,Egremont,"(42.1777247, -73.4415929)"
178,"Wolverhampton, United Kingdom","(52.586973, -2.12882)"
179,"Doncaster, United Kingdom","(53.52282, -1.128462)"
180,"Freiburg im Breisgau, Deutschland","(47.9990077, 7.842104299999999)"
181,"Lot-et-Garonne, France","(44.2470173, 0.4502368)"
182,"Fairford, United Kingdom","(51.70753699999999, -1.785135)"
183,"Ålesund, Norge","(62.47222840000001, 6.149482099999999)"
184,"Alexandria, United Kingdom","(55.98870609999999, -4.5789271)"
185,"Falkirk, United Kingdom","(56.00187750000001, -3.7839131)"
186,"Petersfield, United Kingdom","(51.007591, -0.93899)"
187,"Nantes, France","(47.218371, -1.553621)"
188,"Rhode Island, United States","(41.5800945, -71.4774291)"
189,"Dartford, United Kingdom","(51.44621, 0.216872)"
190,Auteuil,"(48.8490552, 2.2663003)"
191,"Lincolnshire, United Kingdom","(52.9451889, -0.1601246)"
192,Schlesien,"(38.888684, -77.004719)"
193,"Groningen, Nederland","(53.2193835, 6.5665017)"
194,"Stamford, United Kingdom","(52.65128199999999, -0.4802159999999999)"
195,Zhonghua,"(45.5032825, -73.5749393)"
196,"Reggio di Calabria, Italia","(38.1113006, 15.6472914)"
197,"Wien, Österreich","(48.2081743, 16.3738189)"
198,"Königsberg in Bayern, Deutschland","(50.0808691, 10.5664483)"
199,"Great Britain, United Kingdom","(53.8337367, -2.4290148)"
200,"Figline Valdarno, Italia","(43.6182636, 11.4718445)"
201,"Arnold, United Kingdom","(53.000708, -1.131863)"
202,"Fontenay-aux-Roses, France","(48.789776, 2.287181)"
203,"Providence, United States","(41.8239891, -71.4128343)"
204,"Darvel, United Kingdom","(55.609843, -4.286513)"
205,Ceská Republika,"(49.81749199999999, 15.472962)"
206,"Boston, United States","(42.3600825, -71.0588801)"
207,"Portsmouth, United Kingdom","(50.8197675, -1.0879769)"
208,"Madras, Bharat","(13.0826802, 80.2707184)"
209,"Westport, New Zealand","(-41.7545797, 171.6059512)"
210,"Surrey, United Kingdom","(51.31475930000001, -0.5599501)"
211,"Carlisle, United Kingdom","(54.892473, -2.932931)"
212,"Deventer, Nederland","(52.2660751, 6.1552165)"
213,"Kimberley, South Africa","(-28.7282384, 24.7499112)"
214,"Stockton-on-Tees, United Kingdom","(54.5704551, -1.3289821)"
215,Kensington,"(51.5010095, -0.1932794)"
216,Guyana,"(4.860416, -58.93018)"
217,"Camden, United Kingdom","(51.5390261, -0.1425516)"
218,"Hamilton, United Kingdom","(55.77763299999999, -4.053679)"
219,"Lancashire, United Kingdom","(53.7632254, -2.7044052)"
220,Australia,"(-25.274398, 133.775136)"
221,"Glasgow, United Kingdom","(55.864237, -4.251806)"
222,"Down, United Kingdom","(54.32769870000001, -5.715766700000001)"
223,"Margate, United Kingdom","(51.38964600000001, 1.3868339)"
224,"Delft, Nederland","(52.01157689999999, 4.3570677)"
225,România,"(45.943161, 24.96676)"
226,"Karlsruhe, Deutschland","(49.0068901, 8.4036527)"
227,"Hamburg, Deutschland","(53.5510846, 9.9936819)"
228,"Brugge, België","(51.209348, 3.2246995)"
229,"Argenteuil, France","(48.9472096, 2.2466847)"
230,"Brasov, România","(45.6426802, 25.5887252)"
231,"Wimbledon, United Kingdom","(51.41833889999999, -0.2206288)"
232,"Derby, United Kingdom","(52.9225301, -1.4746186)"
233,"Nelson, Canada","(49.4928119, -117.2948343)"
234,"Normandie, France","(48.87987039999999, 0.1712529)"
235,"Reigate, United Kingdom","(51.237276, -0.205883)"
236,"Broughty Ferry, United Kingdom","(56.4692371, -2.8814982)"
237,"Haslemere, United Kingdom","(51.090856, -0.7133729999999999)"
238,"Kew, Australia","(-37.8074324, 145.0288674)"
239,"Buenos Aires, Argentina","(-34.6036844, -58.3815591)"
240,"Saint-Gilles, België","(50.8301436, 4.340218399999999)"
241,"Scholes, United Kingdom","(53.824374, -1.429713)"
242,"Croydon, United Kingdom","(51.376165, -0.098234)"
243,"Deptford, United Kingdom","(51.4807988, -0.0231099)"
244,"Saint Louis, United States","(38.6270025, -90.19940419999999)"
245,"Johannesburg, South Africa","(-26.2041028, 28.0473051)"
246,"Invergordon, United Kingdom","(57.688106, -4.172882)"
247,Nederland,"(39.9613759, -105.5108312)"
248,"Norfolk, United Kingdom","(52.6139686, 0.8864021)"
249,"Calais, France","(50.95129000000001, 1.858686)"
250,"Chelmsford, United Kingdom","(51.7355868, 0.4685497)"
251,"Stoke on Trent, United Kingdom","(53.002668, -2.179404)"
252,"Nottingham, United Kingdom","(52.95478319999999, -1.1581086)"
253,"La Habana, Cuba","(23.1135925, -82.3665956)"
254,Liverpool,"(45.77706509999999, -74.00221979999999)"
255,"Düsseldorf, Deutschland","(51.2277411, 6.7734556)"
256,"Cheltenham, United Kingdom","(51.8993855, -2.0782533)"
257,"Steiermark, Österreich","(47.3593442, 14.4699827)"
258,"Recife, Brasil","(-8.0577401, -34.8829629)"
259,"Littlehampton, United Kingdom","(50.811057, -0.5386609)"
260,"Hannover, Deutschland","(52.3758916, 9.732010400000002)"
261,"Nevada, United States","(38.8026097, -116.419389)"
262,"Ontario, Canada","(51.253775, -85.323214)"
263,"Suffolk, United Kingdom","(52.1872472, 0.9707800999999999)"
264,"Ashtabula, United States","(41.8650534, -80.7898089)"
265,"Boulogne-Billancourt, France","(48.8396952, 2.2399123)"
266,"Sheffield, United Kingdom","(53.38112899999999, -1.470085)"
267,"Wisconsin, United States","(43.7844397, -88.7878678)"
268,"Musselburgh, United Kingdom","(55.941941, -3.053918)"
269,"Hereford and Worcester, United Kingdom","(52.173967, -2.234448)"
270,"Città di Castello, Italia","(43.4577876, 12.2319048)"
271,"Greensboro, United States","(36.0726354, -79.7919754)"
272,"Saint Catharines, Canada","(43.1593745, -79.2468626)"
273,België,"(50.503887, 4.469936)"
274,"Toronto, Canada","(43.653226, -79.3831843)"
275,"Dôle, France","(47.09534, 5.49081)"
276,"Toulouse, France","(43.604652, 1.444209)"
277,"Lausanne, Schweiz","(46.5196535, 6.6322734)"
278,"Thomastown, Éire","(52.5270825, -7.1388211)"
279,"Buntingford, United Kingdom","(51.946217, -0.018547)"
280,"Nottinghamshire, United Kingdom","(53.100319, -0.9936305999999998)"
281,"Morges, Schweiz","(46.5088127, 6.496130099999999)"
282,"Basel, Schweiz","(47.5595986, 7.5885761)"
283,"Louisville, United States","(38.2526647, -85.7584557)"
284,"Chester, United Kingdom","(53.193392, -2.893075)"
285,"Poitiers, France","(46.58022400000001, 0.340375)"
286,"Detroit, United States","(42.331427, -83.0457538)"
287,"Lésvos, Ellás","(39.2645095, 26.2777073)"
288,"Glossop, United Kingdom","(53.4433284, -1.948907)"
289,"Devon, United Kingdom","(50.7155591, -3.530875)"
290,"Rio de Janeiro, Brasil","(-22.9068467, -43.1728965)"
291,"Lübeck, Deutschland","(53.8654673, 10.6865593)"
292,"Oulton Broad, United Kingdom","(52.470111, 1.704104)"
293,Éire,"(40.7579687, -73.9174104)"
294,"Venezia, Italia","(45.4408474, 12.3155151)"
295,"Athínai, Ellás","(37.9838096, 23.7275388)"
296,United States,"(37.09024, -95.712891)"
297,"Guangzhou, Zhonghua","(23.1510184, 113.2225564)"
298,"Montréal, Canada","(45.5016889, -73.567256)"
299,"Brussels, Canada","(43.7444279, -81.24983139999999)"
300,"Coimbra, Portugal","(40.2033145, -8.4102573)"
301,Colombia,"(4.570868, -74.297333)"
302,"Lincoln, United Kingdom","(53.230688, -0.5405789999999999)"
303,"Glemsford, United Kingdom","(52.096553, 0.6685219)"
304,"Atibaia, Brasil","(-23.1155873, -46.5532067)"
305,"Bogotá, Colombia","(4.710988599999999, -74.072092)"
306,"Belfast, United Kingdom","(54.59728500000001, -5.93012)"
307,"Seine-Maritime, Département de la, France","(49.60541869999999, 0.9748439)"
308,"Hereford, United Kingdom","(52.05639799999999, -2.715974)"
309,"Kenilworth, United Kingdom","(52.349557, -1.58073)"
310,"Swaffham, United Kingdom","(52.64746599999999, 0.687481)"
311,"Chanteloup, France","(47.966178, -1.615898)"
312,"Sabadell, España","(41.5462745, 2.1086131)"
313,"Lansing, United States","(42.732535, -84.5555347)"
314,"Samer, France","(50.634574, 1.754371)"
315,"Paimbœeuf, France","(47.28741, -2.031545)"
316,"Riga, Latvija","(56.9496487, 24.1051865)"
317,"Marseille, France","(43.296482, 5.36978)"
318,"Aix-en-Provence, France","(43.529742, 5.447426999999999)"
319,"Barnes, United Kingdom","(51.4752941, -0.2392052)"
320,"Vitebsk, Belarus","(55.1926809, 30.206359)"
321,"Kent, United Kingdom","(51.2787075, 0.5217254000000001)"
322,"Worthing, United Kingdom","(50.81787, -0.372882)"
323,"Rochester, United States","(43.15657789999999, -77.6088465)"
324,"Whitby, United Kingdom","(54.486335, -0.613347)"
325,"Simla, Bharat","(31.1048145, 77.17340329999999)"
326,"Warrington, United Kingdom","(53.3900441, -2.5969501)"
327,Charlieu,"(46.159599, 4.172521)"
328,"Santafé de Bogotá, D.C., Colombia","(4.710988599999999, -74.072092)"
329,"Shanghai, Zhonghua","(31.2150998, 121.4925336)"
330,"Yorkshire, United Kingdom","(53.9590858, -1.0792403)"
331,"San Sebastián, España","(43.318334, -1.9812313)"
332,"Bayrut, Al-Lubnan","(33.8937913, 35.5017767)"
333,Bharat,"(37.3674466, -121.9972527)"
334,"Gabrovo, Bulgaria","(42.8742212, 25.3186837)"
335,"Blenheim Palace, United Kingdom","(51.841365, -1.360972)"
336,"Trbovlje, Slovenija","(46.1503563, 15.0453137)"
337,"Belo Horizonte, Brasil","(-19.919052, -43.9386685)"
338,"Shipborne, United Kingdom","(51.2464339, 0.2788649)"
339,"Oldham, United Kingdom","(53.5409298, -2.1113659)"
340,"Derbyshire, United Kingdom","(53.1046782, -1.5623885)"
341,"Bridgwater, United Kingdom","(51.127889, -3.003632)"
342,"Barcelona, España","(41.3873974, 2.168568)"
343,"Eindhoven, Nederland","(51.44164199999999, 5.4697225)"
344,"Novara, Italia","(45.44692999999999, 8.622161199999999)"
345,"Morpeth, United Kingdom","(55.16875, -1.687493)"
346,"Rostock, Deutschland","(54.0924406, 12.0991466)"
347,"Monroe, United States","(32.5093109, -92.1193012)"
348,"Osnabrück, Deutschland","(52.2799112, 8.0471788)"
349,"Bournemouth, United Kingdom","(50.719164, -1.880769)"
350,"Melbourne, Australia","(-37.8136276, 144.9630576)"
351,"Birkenhead, United Kingdom","(53.38999099999999, -3.023009)"
352,"Racine, United States","(42.7261309, -87.78285230000002)"
353,"Belford, United Kingdom","(55.59933100000001, -1.828824)"
354,"Oakland, United States","(37.8043514, -122.2711639)"
355,"Parma, Italia","(44.801485, 10.3279036)"
356,"Bad Kreuznach, Deutschland","(49.8440162, 7.873134599999999)"
357,"Breda, Nederland","(51.5719149, 4.768323)"
358,"Runcorn, United Kingdom","(53.342078, -2.729673)"
359,"Shillong, Bharat","(25.5787726, 91.8932535)"
360,"Kilmarnock, United Kingdom","(55.614719, -4.498792)"
361,"Southport, United Kingdom","(53.645708, -3.010113)"
362,"Mazara del Vallo, Italia","(37.6550933, 12.5899615)"
363,"Manchester, United Kingdom","(53.4807593, -2.2426305)"
364,"Manitoba, Canada","(53.7608608, -98.8138762)"
365,"Canterbury, United Kingdom","(51.280233, 1.0789089)"
366,"La Plata, Argentina","(-34.9204948, -57.95356570000001)"
367,Magyarország,"(47.162494, 19.5033041)"
368,"Gvardeysk, Rossiya","(54.6521344, 21.0670357)"
369,"Liège, België","(50.6325574, 5.5796662)"
370,"Nyack, United States","(41.0906519, -73.9179146)"
371,"Great Yarmouth, United Kingdom","(52.598233, 1.728047)"
372,"Brooklyn, United States","(40.6781784, -73.9441579)"
373,"Sète, France","(43.4078758, 3.7008219)"
374,"Burnley, United Kingdom","(53.7892877, -2.2405035)"
375,"Cuminestown, United Kingdom","(57.53974899999999, -2.3317231)"
376,"Wickham, United Kingdom","(50.898199, -1.188434)"
377,"Hanley, United Kingdom","(53.0271687, -2.1775307)"
378,Rossiya,"(36.1641551, -94.14011610000001)"
379,"Somerset, United Kingdom","(51.105097, -2.9262307)"
380,"Kingsbridge, United Kingdom","(50.283948, -3.777493)"
381,"East Lothian, United Kingdom","(55.9493383, -2.7704464)"
382,"Wakefield, United Kingdom","(53.683298, -1.505924)"
383,"Monza, Italia","(45.5845001, 9.2744485)"
384,"Camborne, United Kingdom","(50.21277, -5.2947749)"
385,"Bulle, Schweiz","(46.6154512, 7.057726799999999)"
386,"Indianapolis, United States","(39.768403, -86.158068)"
387,Italia,"(41.87194, 12.56738)"
388,"Stretford, United Kingdom","(53.446622, -2.308713)"
389,Brasil,"(-14.235004, -51.92528)"
390,"Northumberland, United Kingdom","(55.2082542, -2.0784138)"
391,"Boulder, United States","(40.0149856, -105.2705456)"
392,Yisra'el,"(33.6758173, -84.4974064)"
393,"Chatham, United Kingdom","(51.380952, 0.52213)"
394,"Gillingham, United Kingdom","(51.386322, 0.551438)"
395,"Figueras, España","(42.26550659999999, 2.9581046)"
396,Danmark,"(56.26392, 9.501785)"
397,"Whitehaven, United Kingdom","(54.549699, -3.589233)"
398,"Wooler, United Kingdom","(55.54684, -2.012239)"
399,"Sundridge, United Kingdom","(51.278278, 0.127865)"
400,"Wexford, Éire","(52.336916, -6.4633381)"
401,"Chertsey, United Kingdom","(51.386491, -0.509456)"
402,"Cambridge, United Kingdom","(52.205337, 0.121817)"
403,"München, Deutschland","(48.1351253, 11.5819805)"
404,"Sidcup, United Kingdom","(51.4264863, 0.1009392)"
405,"Launceston, United Kingdom","(50.636834, -4.3604516)"
406,"Bombay, Bharat","(19.0759837, 72.8776559)"
407,"Ancona, Italia","(43.6158299, 13.518915)"
408,"Oak Park, United States","(41.8850317, -87.7845025)"
409,"Grangemouth, United Kingdom","(56.0097152, -3.7227698)"
410,"Cheshire, United Kingdom","(53.23263439999999, -2.6103158)"
411,"Leominster, United Kingdom","(52.2257, -2.742772)"
412,"Santa Monica, United States","(34.0194543, -118.4911912)"
413,London,"(51.5072178, -0.1275862)"
414,"Adelaide, Australia","(-34.9284989, 138.6007456)"
415,"Swansea, United Kingdom","(51.62144, -3.943645999999999)"
416,"Vólos, Ellás","(39.366584, 22.9506769)"
417,"Buckinghamshire, United Kingdom","(51.8072204, -0.8127664)"
418,"Bowral, Australia","(-34.4802367, 150.4176228)"
419,"West Baton Rouge, United States","(30.4751202, -91.3276422)"
420,"Stone, United Kingdom","(52.907932, -2.144045)"
421,"Bangor, United Kingdom","(53.22739, -4.129263)"
422,"Waterville, United States","(30.2583306, -87.6870639)"
423,"Zuid-Holland, Nederland","(52.0207975, 4.4937836)"
424,"Tours, France","(47.394144, 0.68484)"
425,"Weymouth, United Kingdom","(50.6099306, -2.4546253)"
426,"Gradizhsk, Ukrayina","(49.2302517, 33.12643070000001)"
427,"Altona, Deutschland","(53.57915999999999, 9.8745558)"
428,"Colchester, United Kingdom","(51.895927, 0.8918740000000001)"
429,"Abinger, United Kingdom","(51.1960232, -0.396948)"
430,"Montauban, France","(44.0221252, 1.3529599)"
431,"Mont-de-Marsan, France","(43.893485, -0.4997819999999999)"
432,"Bromley, United Kingdom","(51.406025, 0.013156)"
433,"Charlottesville, United States","(38.0293059, -78.47667810000002)"
434,"Preston, United Kingdom","(53.763201, -2.70309)"
435,"Comodoro Rivadavia, Argentina","(-45.8656149, -67.4822429)"
436,"Weert, Nederland","(51.2439415, 5.7142222)"
437,"Portland, United States","(45.515232, -122.6783853)"
438,"Jönköping, Sverige","(57.78261370000001, 14.1617876)"
439,"Sittard, Nederland","(51.0006238, 5.8864788)"
440,"Sarajevo, Bosna i Hercegovina","(43.8562586, 18.4130763)"
441,"Cincinnati, United States","(39.1031182, -84.5120196)"
442,"Huddersfield, United Kingdom","(53.645792, -1.7850351)"
443,"New Bedford, United States","(41.6362152, -70.93420499999999)"
444,"Solothurn, Schweiz","(47.2088348, 7.532291)"
445,"Gravesend, United Kingdom","(51.44188399999999, 0.370759)"
446,"Santiago, Chile","(-33.4488897, -70.6692655)"
447,"Watford, United Kingdom","(51.656489, -0.39032)"
448,"Holyhead, United Kingdom","(53.309441, -4.633038)"
449,"Murree, Pakistan","(33.9069576, 73.3943017)"
450,"Utrecht, Nederland","(52.09073739999999, 5.1214201)"
451,"Derrybrien, Éire","(53.06578, -8.611509999999999)"
452,"Wednesbury, United Kingdom","(52.552888, -2.02208)"
453,"Godalming, United Kingdom","(51.18573199999999, -0.612808)"
454,"Roma, Italia","(41.9027835, 12.4963655)"
455,"Konstanz, Deutschland","(47.6779808, 9.1736741)"
456,"Perugia, Italia","(43.1107168, 12.3908279)"
457,"Maldon, United Kingdom","(51.73180499999999, 0.6714479999999999)"
458,"York, United Kingdom","(53.95996510000001, -1.0872979)"
459,"Vancouver, Canada","(49.2827291, -123.1207375)"
460,"Ruabon, United Kingdom","(52.98654399999999, -3.040724)"
461,"Tallahassee, United States","(30.4382559, -84.28073289999999)"
462,"Piraiévs, Ellás","(37.9429857, 23.6469832)"
463,"Príbram, Ceská Republika","(49.685432, 13.9989449)"
464,"Bognor Regis, United Kingdom","(50.782998, -0.673061)"
465,"Le Havre, France","(49.49437, 0.107929)"
466,"Blainville-Crevon, France","(49.50394, 1.299836)"
467,"Damville, France","(48.870057, 1.073417)"
468,"Millemont, France","(48.809105, 1.74548)"
469,"Blackburn, United Kingdom","(53.748575, -2.487529)"
470,"Bellflower, United States","(33.8816818, -118.1170117)"
471,"Cape Town, South Africa","(-33.9248685, 18.4240553)"
472,"Old Lyme, United States","(41.3159315, -72.3289715)"
473,"Saal, Deutschland","(54.3108138, 12.4996707)"
474,"Boussy-Saint-Antoine, France","(48.6892489, 2.530174)"
475,"Middlesex, United Kingdom","(51.5897112, -0.2293488)"
476,"Arkansas, United States","(35.20105, -91.8318334)"
477,"Aberdeen, United Kingdom","(57.149717, -2.094278)"
478,"Winnipeg, Canada","(49.895136, -97.13837439999999)"
479,"Strumica, Makedonija","(41.4378004, 22.6427428)"
480,"West Sussex, United Kingdom","(50.9280143, -0.4617075)"
481,"Ilkley, United Kingdom","(53.925486, -1.822817)"
482,"Kettering, United Kingdom","(52.396322, -0.7302489999999999)"
483,Plymouth,"(41.9584457, -70.6672621)"
484,"Framlingham, United Kingdom","(52.222147, 1.342105)"
485,"København, Danmark","(55.6760968, 12.5683372)"
486,"Al-Qahirah, Misr","(30.0444196, 31.2357116)"
487,"Clonakilty, Éire","(51.6203379, -8.905510399999999)"
488,As-Sudan,"(12.862807, 30.217636)"
489,"Mulhouse, France","(47.750839, 7.335888)"
490,"Saint Denis-de-l'Hôtel, France","(47.868809, 2.128604)"
491,"Beverley, United Kingdom","(53.841963, -0.435093)"
492,"Newcastle Emlyn, United Kingdom","(52.037442, -4.4687109)"
493,Sverige,"(60.12816100000001, 18.643501)"
494,"Jerez de la Frontera, España","(36.6850064, -6.126074399999999)"
495,"Oostende, België","(51.21543, 2.928656)"
496,"Holyoke, United States","(42.2042586, -72.6162009)"
497,"Tartu, Eesti","(58.37798299999999, 26.7290383)"
498,"Brühl, Deutschland","(50.8267554, 6.898786599999999)"
499,"Pennsylvania, United States","(41.2033216, -77.1945247)"
500,"Evanston, United States","(42.0450722, -87.68769689999999)"
501,"Cher, France","(46.954005, 2.4671908)"
502,"Miami, United States","(25.7616798, -80.1917902)"
503,"Iasi, România","(47.1584549, 27.6014418)"
504,"Cardiff, United Kingdom","(51.48158100000001, -3.17909)"
505,Österreich,"(47.516231, 14.550072)"
506,"Gloucestershire, United Kingdom","(51.8642112, -2.2380335)"
507,"Gatehouse of Fleet, United Kingdom","(54.882438, -4.184215)"
508,"Bridge of Allan, United Kingdom","(56.153149, -3.942207999999999)"
509,"Coos Bay, United States","(43.3665007, -124.2178903)"
510,"Grenoble, France","(45.188529, 5.724524)"
511,"Eagle Bay, Canada","(50.93253199999999, -119.2136759)"
512,Perth,"(-31.9523123, 115.861309)"
513,"Madrid, España","(40.4167754, -3.7037902)"
514,"Yerushalayim, Yisra'el","(31.768319, 35.21371)"
515,"Grottammare, Italia","(42.9853425, 13.8683671)"
516,"Banstead, United Kingdom","(51.3221909, -0.205046)"
517,"Frankfurt an der Oder, Deutschland","(52.3472237, 14.5505672)"
518,"Aspatria, United Kingdom","(54.763442, -3.333129)"
519,"Scotland, United Kingdom","(56.49067119999999, -4.2026458)"
520,"Melton Mowbray, United Kingdom","(52.766404, -0.887126)"
521,"Paulton, United Kingdom","(51.306015, -2.503056)"
522,Jamaica,"(18.109581, -77.297508)"
523,"Addlestone, United Kingdom","(51.369813, -0.488641)"
524,"Zürich, Schweiz","(47.3768866, 8.541694)"
525,"Salem, United States","(42.51954, -70.8967155)"
526,"Prestatyn, United Kingdom","(53.336512, -3.407613)"
527,"Jamaica, United States","(None, None)"
528,"Rosario, Argentina","(-32.9587022, -60.69304159999999)"
529,"Reims, France","(49.258329, 4.031696)"
530,"Ottawa, Canada","(45.4215296, -75.69719309999999)"
531,"Dumfries, United Kingdom","(55.070859, -3.60512)"
532,"Schwaben, Deutschland","(48.38146709999999, 10.7008406)"
533,"Kumba, Cameroun","(4.6333268, 9.4450439)"
534,"Tynemouth, United Kingdom","(55.0175869, -1.4255818)"
535,"Bensheim, Deutschland","(49.6861354, 8.618729600000002)"
536,"Newtownards, United Kingdom","(54.5913787, -5.693170299999999)"
537,"San Mateo, United States","(37.5629917, -122.3255254)"
538,"Montana, United States","(46.8796822, -110.3625658)"
539,"Bratislava, Slovenská Republika","(48.1485965, 17.1077478)"
540,"Aberdeen, United States","(46.9753708, -123.8157218)"
541,"Eastbourne, United Kingdom","(50.768035, 0.290472)"
542,"Ripon, United Kingdom","(54.1361346, -1.5237756)"
543,"Saint-Mandé, France","(48.84283199999999, 2.4178639)"
544,"Gross Enzersdorf, Österreich","(48.1969144, 16.5533905)"
545,"Royal Leamington Spa, United Kingdom","(52.2851905, -1.5200789)"
546,"Theydon Bois, United Kingdom","(51.672497, 0.09447)"
547,"Greifswald, Deutschland","(54.08654629999999, 13.3923414)"
548,"Woking, United Kingdom","(51.316774, -0.5600349)"
549,"Staines, United Kingdom","(51.43148, -0.515525)"
550,"Pune, Bharat","(18.5204303, 73.8567437)"
551,"Cotonou, Bénin","(6.3702928, 2.3912362)"
552,"Klimovichi, Belarus","(53.6102315, 31.9587964)"
553,"Sudbury, United Kingdom","(52.041047, 0.726706)"
554,"Hackney, United Kingdom","(51.573445, -0.07243759999999999)"
555,"Monclova, México","(26.9080378, -101.4215236)"
556,"Clare, Éire","(52.904532, -8.9811351)"
557,"Harrow, United Kingdom","(51.580559, -0.341995)"
558,"Iowa, United States","(41.8780025, -93.097702)"
559,"Saint-Jean-de-Braye, France","(47.912048, 1.970843)"
560,"Methil, United Kingdom","(56.184843, -3.0164019)"
561,"North Bay, Canada","(46.3091152, -79.4608204)"
562,"Cento, Italia","(44.7315319, 11.2908156)"
563,"Bad Oldesloe, Deutschland","(53.8076269, 10.3822557)"
564,"Chiniot, Pakistan","(31.7291662, 72.9821954)"
565,"Gloucester, United Kingdom","(51.8642449, -2.238156)"
566,"Warwickshire, United Kingdom","(52.2671353, -1.4675216)"
567,"Hartford, United Kingdom","(53.245009, -2.549649)"
568,"Tel Aviv, Mehoz, Yisra'el","(32.0852999, 34.78176759999999)"
569,"Spitalfields, United Kingdom","(51.5189263, -0.07484779999999999)"
570,"Sligo, Éire","(54.27661029999999, -8.4760888)"
571,"Borgonovo Val Tidone, Italia","(45.0101773, 9.4637954)"
572,"Alnwick, United Kingdom","(55.412744, -1.706299)"
573,"Wales, United Kingdom","(52.1306607, -3.7837117)"
574,"Victoria, Australia","(-36.9847807, 143.3906074)"
575,"Blackheath, United Kingdom","(51.4658393, 0.0090338)"
576,"Fife, United Kingdom","(56.2082078, -3.1495175)"
577,Singapore,"(1.352083, 103.819836)"
578,"Tupelo, United States","(34.2576066, -88.7033859)"
579,"Aylesbury, United Kingdom","(51.815606, -0.8084)"
580,"Haddington, United Kingdom","(55.95867399999999, -2.7748641)"
581,"Cannes, France","(43.552847, 7.017369)"
582,"Waterbury, United States","(41.5581525, -73.0514965)"
583,"Wallingford, United States","(41.4570108, -72.8230736)"
584,"Gdansk, Polska","(54.35202520000001, 18.6466384)"
585,"Zundert, Nederland","(51.4707015, 4.662355799999999)"
586,"Randfontein, South Africa","(-26.1991505, 27.6786847)"
587,"Tula, Rossiya","(54.204836, 37.6184915)"
588,"Bucaramanga, Colombia","(7.119349, -73.1227416)"
589,"Strasbourg, France","(48.5734053, 7.752111299999999)"
590,"Guáimaro, Cuba","(21.0525989, -77.3496708)"
591,"Berwick-upon-Tweed, United Kingdom","(55.770242, -2.005395)"
592,Epsom,"(51.336036, -0.267382)"
593,Armenia,"(40.069099, 45.038189)"
594,"Kraków, Polska","(50.06465009999999, 19.9449799)"
595,"Aachen, Deutschland","(50.7753455, 6.083886800000001)"
596,"Stoke Newington, United Kingdom","(51.561175, -0.08349229999999999)"
597,"Urbana, United States","(40.1105875, -88.2072697)"
598,"Stafford, United Kingdom","(52.806693, -2.12066)"
599,"Abbotsford, Canada","(49.0504377, -122.3044697)"
600,"Maine, United States","(45.253783, -69.4454689)"
601,"Cartagena, Colombia","(10.3932277, -75.4832311)"
602,"Fox, United States","(38.0707554, -120.3974178)"
603,"Catania, Italia","(37.5078772, 15.0830304)"
604,"Salisbury, United Kingdom","(51.068785, -1.794472)"
605,"Dolgellau, United Kingdom","(52.74215, -3.884399999999999)"
606,"Stratford-upon-Avon, United Kingdom","(52.19173, -1.708298)"
607,"Longmeadow, United States","(42.0501022, -72.5828642)"
608,"Burgdorf, Schweiz","(47.0559357, 7.627224300000001)"
609,"Roeselare, België","(50.94990869999999, 3.1294471)"
610,"Junín, Argentina","(-34.5885499, -60.94955400000001)"
611,"Teverya, Yisra'el","(32.795859, 35.530973)"
612,"Stavanger, Norge","(58.9699756, 5.7331074)"
613,"Pasedena, United States","(34.1477849, -118.1445155)"
614,"Zagreb, Hrvatska","(45.8150108, 15.9819189)"
615,"Valparaíso, Chile","(-33.047238, -71.61268849999999)"
616,Wimbledon,"(36.0938385, -95.8930146)"
617,"Quanzhou, Zhonghua","(24.737273, 118.5326118)"
618,"Patna, Bharat","(25.5940947, 85.1375645)"
619,"Innsbruck, Österreich","(47.2692124, 11.4041024)"
620,"Dvur Králové, Ceská Republika","(50.4317202, 15.8140269)"
621,"Chichester, United Kingdom","(50.83761000000001, -0.774936)"
622,"Greenock, United Kingdom","(55.95647599999999, -4.771983)"
623,"Bagheria, Italia","(38.0789178, 13.512365)"
624,"Köln, Deutschland","(50.937531, 6.9602786)"
625,"Prenzlau, Deutschland","(53.3173433, 13.8633409)"
626,"Tournai, België","(50.6056475, 3.3879338)"
627,"Mizonokuchi, Nihon","(35.6034463, 139.612061)"
628,"Hadleigh, United Kingdom","(52.0450779, 0.952647)"
629,"Nassau, Bahamas","(25.0443312, -77.3503609)"
630,"Coshocton, United States","(40.2720151, -81.8595756)"
631,"Bangalore, Bharat","(12.9715987, 77.5945627)"
632,Blackheath,"(42.7515637, -83.13446789999999)"
633,"Aligarh, Bharat","(27.8973944, 78.0880129)"
634,"Iwate, Nihon","(39.9726552, 141.2124895)"
635,"Dresden, Deutschland","(51.0504088, 13.7372621)"
636,Myanmar,"(21.916221, 95.955974)"
637,"Petrinja, Hrvatska","(45.4422535, 16.2768591)"
638,"Szczecin, Polska","(53.4285438, 14.5528116)"
639,"Berkeley, United States","(37.8715226, -122.273042)"
640,"Vannes, France","(47.658236, -2.760847)"
641,"Galati, România","(45.4353208, 28.0079945)"
642,"Ringmer, United Kingdom","(50.892596, 0.054667)"
643,"Quiévy, France","(50.165598, 3.427434)"
644,"Jena, Deutschland","(50.927054, 11.5892372)"
645,"Sabang, Indonesia","(5.8926053, 95.3237608)"
646,"Lymington, United Kingdom","(50.758531, -1.5419099)"
647,"Chorley, United Kingdom","(53.653511, -2.632596)"
648,"Lancaster, United Kingdom","(54.046575, -2.8007399)"
649,"Exeter, United Kingdom","(50.718412, -3.533899)"
650,"Islington, United Kingdom","(51.5465063, -0.1058058)"
651,"Northwood, United Kingdom","(51.61028899999999, -0.428278)"
652,"Zanzibar, Tanzania","(-6.135729500000001, 39.3621196)"
653,"Oshkosh, United States","(44.0247062, -88.5426136)"
654,"Bern, Schweiz","(46.9479739, 7.4474468)"
655,"Eye, United Kingdom","(52.319605, 1.146209)"
656,"Bedford, United Kingdom","(52.1386394, -0.4667782)"
657,"Spokane, United States","(47.6587802, -117.4260465)"
658,"Purley, United Kingdom","(51.339228, -0.119711)"
659,"Dunedin, New Zealand","(-45.8795455, 170.5005957)"
660,"Eberswalde, Deutschland","(52.83713299999999, 13.7875871)"
661,"Linz, Österreich","(48.30694, 14.28583)"
662,"Weissenberg, Deutschland","(51.1977135, 14.6604675)"
663,"Augsburg, Deutschland","(48.3705449, 10.89779)"
664,"Welwyn Garden City, United Kingdom","(51.8031689, -0.208661)"
665,"Staffordshire, United Kingdom","(52.8792745, -2.0571868)"
666,"Christchurch, United Kingdom","(50.735777, -1.778586)"
667,"Trowbridge, United Kingdom","(51.319664, -2.208853)"
668,"Gallipolis, United States","(38.809803, -82.2023691)"
669,"North Yorkshire, United Kingdom","(54.337961, -1.429959)"
670,"Chittagong, Bangladesh","(22.356851, 91.7831819)"
671,"Ina, Nihon","(33.6603509, -117.738867)"
672,"Michelstadt, Deutschland","(49.6799613, 9.0041618)"
673,"Bacchus Marsh, Australia","(-37.6763789, 144.4463206)"
674,"Kotagiri, Bharat","(11.4217666, 76.8617275)"
675,"Pontardawe, United Kingdom","(51.72043499999999, -3.853214999999999)"
676,"Shiraz, Îran","(29.5926119, 52.5835646)"
677,"Bromsgrove, United Kingdom","(52.335589, -2.061906)"
678,"Bideford, United Kingdom","(51.016684, -4.206666)"
679,"Caernarfon, United Kingdom","(53.139551, -4.273911)"
680,"Ridgefield, United States","(41.28406349999999, -73.4975412)"
681,"Billingshurst, United Kingdom","(51.022909, -0.4514619999999999)"
682,"Ann Arbor, United States","(42.2808256, -83.7430378)"
683,"Barnard Castle, United Kingdom","(54.545284, -1.923741)"
684,"Bath, United Kingdom","(51.3810641, -2.3590167)"
685,"Honiton, United Kingdom","(50.799468, -3.188683)"
686,"Rothesay, United Kingdom","(55.835963, -5.055793)"
687,"Farnley, United Kingdom","(53.9262453, -1.6709344)"
688,"Bleckede, Deutschland","(53.2865475, 10.7334861)"
689,"Bhagalpur, Bharat","(25.1760846, 86.7372369)"
690,"Presteigne, United Kingdom","(52.27203100000001, -3.005157)"
691,"New Castle, United States","(39.6620397, -75.5668166)"
692,"Llanelli, United Kingdom","(51.680886, -4.160248)"
693,"Dun-sur-Meuse, France","(49.384119, 5.184923)"
694,"Cornwall, United Kingdom","(50.26604709999999, -5.0527125)"
695,Bangladesh,"(23.684994, 90.356331)"
696,"Sunderland, United Kingdom","(54.906869, -1.383801)"
697,"Montreal, Canada","(45.5016889, -73.567256)"
698,"Midlands, United Kingdom","(None, None)"
699,"Pardubice, Ceská Republika","(50.0343092, 15.7811994)"
700,"Göttingen, Deutschland","(51.54128040000001, 9.915803499999999)"
701,"Ljubljana, Slovenija","(46.0569465, 14.5057515)"
702,"Kansas City, United States","(39.0997265, -94.5785667)"
703,"Torrington, United States","(41.8003049, -73.1211715)"
704,"Walberswick, United Kingdom","(52.314994, 1.661398)"
705,"Minneapolis, United States","(44.977753, -93.2650108)"
706,"Škofja Loka, Slovenija","(46.1671294, 14.3058337)"
707,"Tenby, United Kingdom","(51.672738, -4.703579)"
708,"Haverfordwest, United Kingdom","(51.800475, -4.971318999999999)"
709,"Augusta, United States","(33.4734978, -82.0105148)"
710,"Llandudno, United Kingdom","(53.324061, -3.827609)"
711,"Scottish Borders, United Kingdom","(55.54856969999999, -2.7861388)"
712,"Romford, United States","(51.577076, 0.178319)"
713,"Powys, United Kingdom","(52.56279, -3.149331)"
714,"Jylland, Danmark","(55.62954999999999, 9.201050000000002)"
715,Bermondsey,"(51.49226549999999, -0.0652005)"
716,"Excelsior Springs, United States","(39.3391712, -94.22605589999999)"
717,"Fort Saint John, Canada","(56.252423, -120.846409)"
718,"Yverdon, Schweiz","(46.7784736, 6.641183)"
719,"Fall River, United States","(41.7014912, -71.1550451)"
720,Türkiye,"(38.963745, 35.243322)"
721,"Chur, Schweiz","(46.8507835, 9.5319859)"
722,"Arad, România","(46.1865606, 21.3122677)"
723,"Birr, Éire","(53.0980052, -7.909688200000001)"
724,Nihon,"(36.204824, 138.252924)"
725,"Newburgh, United States","(41.5034271, -74.0104178)"
726,"Auckland, New Zealand","(-36.85088270000001, 174.7644881)"
727,"Saint Paul, United States","(44.9537029, -93.0899578)"
728,"Albert Lea, United States","(43.6478006, -93.3686555)"
729,"Transilvania, România","(46.1840561, 25.2223974)"
730,"Grimsby, United Kingdom","(53.567471, -0.080784)"
731,"Anstruther, United Kingdom","(56.22298000000001, -2.700539)"
732,"Exeter, United States","(42.9814292, -70.9477546)"
733,"Donaueschingen, Deutschland","(47.95215229999999, 8.4979461)"
734,"Fairfield, United States","(41.1408363, -73.2612615)"
735,"Dagenham, United Kingdom","(51.53888999999999, 0.14743)"
736,"Rathdrum, Éire","(52.93231230000001, -6.231101199999999)"
737,"Oundle, United Kingdom","(52.48084069999999, -0.4687516)"
738,"Carthage, Tunis","(36.8625853, 10.3329494)"
739,"Goole, United Kingdom","(53.702941, -0.876381)"
740,"Dortmund, Deutschland","(51.5135872, 7.465298100000001)"
741,"Aschaffenburg, Deutschland","(49.9806625, 9.135555400000001)"
742,"Chagrin Falls, United States","(41.4298516, -81.3910999)"
743,"Münchenbuchsee, Schweiz","(47.021621, 7.450367)"
744,"Wilkes-Barre, United States","(41.2459149, -75.88130749999999)"
745,Douglas,"(39.2587106, -104.9388853)"
746,"Long Eaton, United Kingdom","(52.898446, -1.269778)"
747,"Sevenoaks, United Kingdom","(51.27241000000001, 0.190898)"
748,"Kokomo, United States","(40.486427, -86.13360329999999)"
749,"Pöchlarn, Österreich","(48.21113219999999, 15.2151654)"
750,"Protivín, Ceská Republika","(49.1994913, 14.217177)"
751,"Terezín, Ceská Republika","(50.5110021, 14.1505577)"
752,"Orlová, Ceská Republika","(49.8701377, 18.4250078)"
753,"Pieštany, Slovenská Republika","(48.5917973, 17.827155)"
754,"Milwaukee, United States","(43.0389025, -87.9064736)"
755,Taehan Min'guk,"(35.907757, 127.766922)"
756,"Rotterdam, Nederland","(51.9244201, 4.4777326)"
757,"York, United States","(39.9625984, -76.727745)"
758,"L`viv, Ukrayina","(49.839683, 24.029717)"
759,"Voronezh, Ukrayina","(51.6683487, 39.19192880000001)"
760,"Morava, Ceská Republika","(48.9544528, 16.7676899)"
761,"Toledo, United States","(41.6528052, -83.5378674)"
762,"Praha, Ceská Republika","(50.0755381, 14.4378005)"
763,"Lingen, Deutschland","(52.54030789999999, 7.329286199999999)"
764,Ukrayina,"(48.379433, 31.1655799)"
765,"Lutsk, Ukrayina","(50.74723299999999, 25.325383)"
766,"Korcula, Otok, Hrvatska","(42.9297182, 16.888644)"
767,"Newark, United States","(40.735657, -74.1723667)"
768,"L'viv, Ukrayina","(49.839683, 24.029717)"
769,"Opocno, Ceská Republika","(50.2674147, 16.1148023)"
770,México,"(23.634501, -102.552784)"
771,"Matsumoto, Nihon","(36.2380434, 137.9719897)"
772,"Coventry, United Kingdom","(52.406822, -1.519693)"
773,"Hammond, United States","(41.5833688, -87.5000412)"
774,"Trzebiatów, Polska","(54.0611912, 15.2647391)"
775,"Sagua la Grande, Cuba","(22.8037709, -80.0702555)"
776,"Willingdon, United Kingdom","(50.805058, 0.2508365)"
777,"Palmer, United States","(61.599415, -149.1146334)"
778,"Penzance, United Kingdom","(50.118798, -5.537592)"
779,"King's Lynn, United Kingdom","(52.7516798, 0.4022963000000001)"
780,"Tulsa, United States","(36.1539816, -95.99277500000001)"
781,"Hoboken, United States","(40.7439905, -74.0323626)"
782,"Auxerre, France","(47.798202, 3.573781)"
783,"Saint Ives, United Kingdom","(50.20838579999999, -5.490886400000001)"
784,"Tiraspol, Moldova","(46.84818500000001, 29.59680509999999)"
785,"Chiswick, United Kingdom","(51.4876272, -0.2671732)"
786,"Courbevoie, France","(48.900552, 2.25929)"
787,"Budapest, Magyarország","(47.497912, 19.040235)"
788,"Munster, Éire","(52.2217725, -8.556663799999999)"
789,Zimbabwe,"(-19.015438, 29.154857)"
790,"Carrara, Italia","(44.0793245, 10.097677)"
791,"Brentford, United Kingdom","(51.486073, -0.3101169)"
792,"Hazleton, United States","(40.9584181, -75.97464719999999)"
793,"Leith, United Kingdom","(55.97552779999999, -3.1665102)"
794,"Wellington, United Kingdom","(50.978564, -3.2244989)"
795,Saint Hélier,"(49.1805019, -2.103233)"
796,"La Chaux-de-Fonds, Schweiz","(47.1034892, 6.832783800000001)"
797,"Mendoza, Argentina","(-32.8894587, -68.8458386)"
798,"Mauritius, Mauritius","(-20.348404, 57.55215200000001)"
799,"Czestochowa, Polska","(50.8118195, 19.1203094)"
800,"Hong Kong, Zhonghua","(45.5077382, -73.5596307)"
801,"Grand Saline, United States","(32.6734636, -95.70940689999999)"
802,"Pampa, United States","(35.5361559, -100.9598709)"
803,"Kowon-up, Choson Minjujuui In'min Konghwaguk","(39.4385422, 127.2385486)"
804,"Kyongsang-namdo, Taehan Min'guk","(35.4606, 128.2132)"
805,"Argentan, France","(48.744001, -0.016566)"
806,"Verona, Italia","(45.43838419999999, 10.9916215)"
807,"Dijon, France","(47.322047, 5.04148)"
808,"Meiderich, Deutschland","(51.4722918, 6.7650791)"
809,"Scarborough, United Kingdom","(54.283113, -0.399752)"
810,"Soest, Deutschland","(51.5711476, 8.105754)"
811,Isle of Man,"(54.236107, -4.548056)"
812,"Midlothian, United Kingdom","(55.8745653, -3.105353)"
813,"Liberty, United States","(40.6895453, -74.0449292)"
814,"Fortaleza, Brasil","(-3.7327203, -38.5270134)"
815,"Barnstaple, United Kingdom","(51.0781599, -4.058338)"
816,"Colombo, Sri Lanka","(6.9270786, 79.861243)"
817,"Victoria, Zhonghua","(28.823708, -97.0043524)"
818,"Carmarthen, United Kingdom","(51.85762, -4.312131)"
819,"Amherst, Canada","(45.816667, -64.2167206)"
820,"Hartford, United States","(41.7658043, -72.6733723)"
821,"Bordeaux, France","(44.837789, -0.57918)"
822,"Pabianice, Polska","(51.6567303, 19.35776)"
823,"Bronx, United States","(40.8447819, -73.8648268)"
824,Chung-hua Min-kuo,"(None, None)"
825,"Benalla, Australia","(-36.5462177, 145.963353)"
826,Lietuva,"(55.169438, 23.881275)"
827,"Pochinok, Rossiya","(54.40533259999999, 32.439638)"
828,"Cirencester, United Kingdom","(51.718495, -1.968243)"
829,"Halifax, United Kingdom","(53.72702, -1.85754)"
830,"Wellington, New Zealand","(-41.2923814, 174.7787463)"
831,"Norwood, United States","(42.19439089999999, -71.19896949999999)"
832,"Witney, United Kingdom","(51.7859365, -1.4850544)"
833,"Rochdale, United Kingdom","(53.6097136, -2.1561)"
834,Cuba,"(21.521757, -77.781167)"
835,"Baltimore Independent City, United States","(39.2903848, -76.6121893)"
836,"Stockport, United Kingdom","(53.41063159999999, -2.1575332)"
837,"Liberec, Ceská Republika","(50.76627999999999, 15.0543387)"
838,"Argyll, United Kingdom","(56.4006214, -5.480748)"
839,"Maybole, United Kingdom","(55.35302, -4.679055099999999)"
840,"Siena, Italia","(43.31880899999999, 11.3307574)"
841,"Wallasey, United Kingdom","(53.426521, -3.066215)"
842,"Argyll and Bute, United Kingdom","(56.4006214, -5.480748)"
843,Stoke on Trent,"(53.002668, -2.179404)"
844,"Lollar, Deutschland","(50.6470102, 8.7036303)"
845,"Newcastle, United Kingdom","(54.978252, -1.61778)"
846,"Loanhead, United Kingdom","(55.876406, -3.149354)"
847,Îran,"(32.427908, 53.688046)"
848,"Hertfordshire, United Kingdom","(51.80978229999999, -0.2376744)"
849,"Lessines, België","(50.7123736, 3.8288692)"
850,"Banyuls-sur-Mer, France","(42.48343, 3.128874)"
851,"Esch-sur-Alzette, Luxembourg","(49.5024342, 5.9722212)"
852,"Rijeka, Hrvatska","(45.3270631, 14.442176)"
853,"Kremenchug, Ukrayina","(49.065783, 33.410033)"
854,"Saint-Ouen, France","(48.911856, 2.333764)"
855,"Šid, Jugoslavija","(45.12639180000001, 19.2291432)"
856,"North Tonawanda, United States","(43.038668, -78.8642033)"
857,"Jura, France","(46.76247499999999, 5.6729159)"
858,"Aveiro, Portugal","(40.6405055, -8.6537539)"
859,"Soncino, Italia","(45.3997761, 9.8733888)"
860,"Bergamo, Italia","(45.6982642, 9.6772698)"
861,"Ilirska Bistrica, Slovenija","(45.570099, 14.2418616)"
862,"San Rafael, United States","(37.9735346, -122.5310874)"
863,"Bronxville, United States","(40.93815439999999, -73.8320784)"
864,"Santo Antônio de Jesus, Brasil","(-12.9698503, -39.2617368)"
865,"Rutherford, United States","(40.826489, -74.10680909999999)"
866,"Amersham, United Kingdom","(51.6755179, -0.6072409999999999)"
867,Stockholm,"(59.32932349999999, 18.0685808)"
868,"Haydon Bridge, United Kingdom","(54.975823, -2.249734)"
869,"Folkestone, United Kingdom","(51.081397, 1.169456)"
870,Perú,"(-9.189967, -75.015152)"
871,"Treviso, Italia","(45.6668893, 12.2430437)"
872,Suriyah,"(37.1188889, 43.9733333)"
873,"West Virginia, United States","(38.5976262, -80.4549026)"
874,"Witley, United Kingdom","(51.149517, -0.646547)"
875,"Haute-Corse, France","(42.4097877, 9.2785583)"
876,"Le Cateau-Cambrésis, France","(50.103942, 3.544235)"
877,"Reykjavík, Ísland","(64.146582, -21.9426354)"
878,"Peckham, United Kingdom","(51.47032369999999, -0.0673872)"
879,"Zaandam, Nederland","(52.4420399, 4.8291993)"
880,"Limavady, United Kingdom","(55.0454563, -6.9336758)"
881,"Salt Lake City, United States","(40.7607793, -111.8910474)"
882,"Wiltshire, United Kingdom","(51.3491996, -1.9927105)"
883,"Freshford, Éire","(52.7325047, -7.3968551)"
884,"Withernsea, United Kingdom","(53.73125599999999, 0.032889)"
885,"Sharon, United States","(42.1236499, -71.1786237)"
886,Hrvatska,"(45.1, 15.2000001)"
887,"Manila, Pilipinas","(14.5995124, 120.9842195)"
888,"Altrincham, United Kingdom","(53.38690459999999, -2.3488983)"
889,"Angus, United Kingdom","(56.6979538, -2.9124057)"
890,"Port Adelaide, Australia","(-34.8442994, 138.505369)"
891,"Berck, France","(50.408188, 1.591865)"
892,"Corsham, United Kingdom","(51.43144299999999, -2.189674)"
893,"Noremburg, Deutschland","(49.4521018, 11.0766654)"
894,"Namur, België","(50.4673883, 4.8719854)"
895,"Kharkov, Ukrayina","(49.9935, 36.230383)"
896,"Las Palmas de Gran Canaria, España","(28.1008837, -15.4653897)"
897,"Lagan, Sverige","(56.9137654, 13.9874716)"
898,"Mattapoisett, United States","(41.6616323, -70.81507420000001)"
899,"Montgomery, United States","(32.3792233, -86.3077368)"
900,"Bologna, Italia","(44.494887, 11.3426162)"
901,"Gujarat, Bharat","(22.258652, 71.1923805)"
902,"Wealdstone, United Kingdom","(51.5960603, -0.3334858)"
903,"Livorno, Italia","(43.548473, 10.3105674)"
904,"Brisbane, Australia","(-27.4704528, 153.0260341)"
905,"Eureka, United States","(40.8020712, -124.1636729)"
906,"Amersfoort, Nederland","(52.1561113, 5.387826599999999)"
907,Costa Rica,"(9.748916999999999, -83.753428)"
908,"Kingston, Jamaica","(18.0178743, -76.8099041)"
909,"Matsqui, Canada","(49.1063822, -122.2929597)"
910,"Castleford, United Kingdom","(53.72346599999999, -1.345968)"
911,"Cholet, France","(47.059407, -0.879787)"
912,"Bourges, France","(47.081012, 2.398782)"
913,"Osaka, Nihon","(34.6937249, 135.5022535)"
914,"Purton, United Kingdom","(51.58755799999999, -1.876232)"
915,"East Sussex, United Kingdom","(50.9085955, 0.2494166)"
916,"Walthamstow, United Kingdom","(51.5901769, -0.0173437)"
917,"Santa Cruz de la Palma, España","(28.6839885, -17.7645747)"
918,"Bielefeld, Deutschland","(52.0302285, 8.532470800000002)"
919,"Ennis, Éire","(52.8474255, -8.988738399999999)"
920,"Horsham, United Kingdom","(51.062883, -0.325858)"
921,"Løten, Norge","(60.87146319999999, 11.3507331)"
922,"Saint Albans, United Kingdom","(51.752725, -0.339436)"
923,"Bury, United Kingdom","(53.5933498, -2.2966054)"
924,"Bjelovar, Hrvatska","(45.8987972, 16.8423093)"
925,"Gorizia, Italia","(45.9401812, 13.6201754)"
926,"Nairobi, Kenya","(-1.2920659, 36.8219462)"
927,"Al-Iskandariyah, Misr","(31.2000924, 29.9187387)"
928,"Esher, United Kingdom","(51.369487, -0.365927)"
929,"Fort Wayne, United States","(41.079273, -85.1393513)"
930,"Bucuresti, România","(44.4267674, 26.1025384)"
931,"Lichfield, United Kingdom","(52.681602, -1.831672)"
932,"Loughborough, United Kingdom","(52.772099, -1.206166)"
933,"Qazvin, Îran","(36.2736589, 49.998236)"
934,"Harrow on the Hill, United Kingdom","(51.5706321, -0.3396363)"
935,"Flushing, United States","(40.7674987, -73.833079)"
936,"Halifax, Canada","(44.64876350000001, -63.5752387)"
937,"Denham, United Kingdom","(51.56958299999999, -0.493857)"
938,Melmerby,"(54.731336, -2.5994201)"
939,"Newark-on-Trent, United Kingdom","(53.0700391, -0.80657)"
940,"Charlottenburg, Deutschland","(52.5166023, 13.3041054)"
941,"Görlitz, Deutschland","(51.1524553, 14.968894)"
942,"Goiana, Brasil","(-16.6868912, -49.2647943)"
943,"Asheville, United States","(35.5950581, -82.5514869)"
944,"Schleswig-Holstein, Deutschland","(54.21936720000001, 9.696116700000001)"
945,"High Wycombe, United Kingdom","(51.628611, -0.7482289999999999)"
946,"Worcester, United States","(42.2625932, -71.8022934)"
947,"Roscommon, Éire","(53.63401649999999, -8.181945899999999)"
948,Nigeria,"(9.081999, 8.675277)"
949,"Esbjerg, Danmark","(55.476466, 8.459405)"
950,"Gomel, Belarus","(52.4313388, 30.99367)"
951,"Rouen, France","(49.44323199999999, 1.099971)"
952,"Battle, United Kingdom","(50.917405, 0.483679)"
953,"Malmö, Sverige","(55.57905340000001, 13.0108705)"
954,"Zilina, Slovenská Republika","(49.21944980000001, 18.7408001)"
955,"Wendover, United Kingdom","(51.761877, -0.739779)"
956,"Sandusky, United States","(41.4561754, -82.71168209999999)"
957,"Saint Agnes, United Kingdom","(50.3125085, -5.2036202)"
958,"Electric City, United States","(47.9310236, -119.0367115)"
959,"Lier, België","(51.1302138, 4.5715093)"
960,"El Manteco, Venezuela","(7.351681, -62.5355518)"
961,"Pszczyna, Polska","(49.9857805, 18.9477092)"
962,"Shrewsbury, United Kingdom","(52.70730289999999, -2.7553268)"
963,"Saint Quentin, France","(49.847066, 3.2874)"
964,"Goiás, Brasil","(-15.7050424, -49.36531489999999)"
965,"Fujian, Zhonghua","(24.451694, 118.084251)"
966,"Paduli, Italia","(41.1737587, 14.9038451)"
967,New Zealand,"(-40.900557, 174.885971)"
968,"Genova, Italia","(44.4056499, 8.946256)"
969,"Nova Friburgo, Brasil","(-22.2887261, -42.5340796)"
970,"Beresford, United States","(43.0805446, -96.77365499999999)"
971,"Epsom, United Kingdom","(51.336036, -0.267382)"
972,"Oran, Al-Jaza'ir","(35.6987388, -0.6349319)"
973,Beckington,"(51.2652812, -2.2870732)"
974,"Akron, United States","(41.0814447, -81.51900529999999)"
975,"Bari, Italia","(41.1171432, 16.8718715)"
976,"Leatherhead, United Kingdom","(51.29640699999999, -0.33112)"
977,"Pontefract, United Kingdom","(53.691688, -1.308648)"
978,"Plainfield, United States","(39.70421229999999, -86.39943869999999)"
979,"Knutsford, United Kingdom","(53.3005939, -2.371833)"
980,"Garessio, Italia","(44.2038199, 8.0142285)"
981,Sri Lanka,"(7.873053999999999, 80.77179699999999)"
982,"Richmond, United States","(37.5407246, -77.4360481)"
983,"Hildesheim, Deutschland","(52.154778, 9.9579652)"
984,"Freshwater, United Kingdom","(50.6851905, -1.5099181)"
985,"Tucson, United States","(32.2226066, -110.9747108)"
986,"Orel, Rossiya","(52.9668468, 36.06248980000001)"
987,"Savannakhét, Lao","(16.5720526, 104.7686868)"
988,"Marblehead, United States","(42.49995819999999, -70.8578024)"
989,"Dudley, United Kingdom","(52.512255, -2.081112)"
990,"Málaga, España","(36.7211784, -4.421719899999999)"
991,"Kingston-Upon-Hull, United Kingdom","(53.76762360000001, -0.3274198)"
992,"Bully-les-Mines, France","(50.44659799999999, 2.720937)"
993,"Malta, Malta","(35.937496, 14.375416)"
994,"Redhill, United Kingdom","(51.239208, -0.16988)"
995,"Campbeltown, United Kingdom","(55.424117, -5.605373999999999)"
996,Charlotte Amalie,"(18.3419004, -64.9307007)"
997,"Biella, Italia","(45.56288420000001, 8.0583397)"
998,"Durham, United Kingdom","(54.77525, -1.584852)"
999,"Leek, United Kingdom","(53.10915199999999, -2.023393)"
1000,"Fareham, United Kingdom","(50.8548464, -1.1865868)"
1001,Bristol,"(51.454513, -2.58791)"
1002,Niederschlesien,"(51.13398609999999, 16.8841961)"
1003,"Cody, United States","(44.52634219999999, -109.0565308)"
1004,"Morciano di Romagna, Italia","(43.9111534, 12.6479422)"
1005,"Sydney, Australia","(-33.8688197, 151.2092955)"
1006,"Beckenham, United Kingdom","(51.40817, -0.025813)"
1007,"Panama Canal, Panamá","(9.1223491, -79.7311627)"
1008,"Calcutta, Bharat","(22.572646, 88.36389500000001)"
1009,"Poznan, Polska","(52.406374, 16.9251681)"
1010,"Hahira, United States","(30.9913064, -83.3726575)"
1011,"Repino, Rossiya","(60.1683493, 29.8672864)"
1012,"Hyderabad, Bharat","(17.385044, 78.486671)"
1013,Al-Lubnan,"(33.854721, 35.862285)"
1014,"Büren an der Aare, Schweiz","(47.1395743, 7.374796799999999)"
1015,"Baden, Österreich","(48.00214, 16.23091)"
1016,"Port Arthur, United States","(29.8849504, -93.93994699999999)"
1017,"Acton, United Kingdom","(51.50837199999999, -0.27444)"
1018,"Golfe-Juan, France","(43.5666466, 7.077953699999999)"
1019,"Eymoutiers, France","(45.738677, 1.742153)"
1020,"Galashiels, United Kingdom","(55.623728, -2.814449)"
1021,"Rehovot, Yisra'el","(31.892773, 34.811272)"
1022,"Hethersett, United Kingdom","(52.604307, 1.175232)"
1023,"Pembury, United Kingdom","(51.1474345, 0.3288283)"
1024,"Kapuvár, Magyarország","(47.5912437, 17.0301952)"
1025,"Würzburg, Deutschland","(49.79130439999999, 9.9533548)"
1026,"Limoges, France","(45.83361900000001, 1.261105)"
1027,"Chuguyev, Ukrayina","(49.8363158, 36.6813123)"
1028,"Newmarket, United Kingdom","(52.24487999999999, 0.407962)"
1029,"Plympton, United Kingdom","(50.3867992, -4.035937)"
1030,"Gent, België","(51.0543422, 3.7174243)"
1031,"California, United States","(36.778261, -119.4179324)"
1032,"Bouches-du-Rhône, France","(43.59116789999999, 5.3102505)"
1033,"Hobart, Australia","(-42.8826055, 147.3257197)"
1034,"South Bend, United States","(41.6763545, -86.25198979999999)"
1035,"Wattenscheid, Deutschland","(51.4686409, 7.1454673)"
1036,Schweiz,"(46.818188, 8.227511999999999)"
1037,"Guanajuato, México","(20.9170187, -101.1617356)"
1038,"Granada, España","(37.1773363, -3.5985571)"
1039,"Flint, United Kingdom","(53.248236, -3.13577)"
1040,"Channel Islands, United Kingdom","(49.4481982, -2.58949)"
1041,"Tortosa, España","(40.8125777, 0.5214423)"
1042,"Apolda, Deutschland","(51.0260095, 11.5155494)"
1043,"Pittsfield, United States","(42.4500845, -73.2453824)"
1044,"Dalton-in-Furness, United Kingdom","(54.156887, -3.1782)"
1045,"Marylebone, United Kingdom","(51.5188746, -0.1498955)"
1046,"Sonneberg, Deutschland","(50.3601821, 11.1709899)"
1047,"Grand Forks, United States","(47.9252568, -97.0328547)"
1048,"Catanzaro, Italia","(38.90979189999999, 16.5876516)"
1049,"Daugavpils, Latvija","(55.874736, 26.536179)"
1050,"Laval, France","(48.0785146, -0.7669906000000001)"
1051,"Lorient, France","(47.7482524, -3.3702449)"
1052,"Siegen, Deutschland","(50.8838492, 8.020959099999999)"
1053,"Bitburg, Deutschland","(49.9664145, 6.529860299999999)"
1054,"Zell am Harmersbach, Deutschland","(48.3471573, 8.0656529)"
1055,"Ohio, United States","(40.4172871, -82.90712300000001)"
1056,"Omaha, United States","(41.2565369, -95.9345034)"
1057,"Guildford, United Kingdom","(51.23622, -0.570409)"
1058,"Epping, United Kingdom","(51.700328, 0.108655)"
1059,"Bethlehem, United States","(40.6259316, -75.37045789999999)"
1060,Montserrat,"(16.742498, -62.187366)"
1061,"Windsor, United Kingdom","(51.4817279, -0.613576)"
1062,"Nashville-Davidson, United States","(36.1626638, -86.7816016)"
1063,"Dorking, United Kingdom","(51.232202, -0.332378)"
1064,"Hook, United Kingdom","(51.280906, -0.9630429999999999)"
1065,"Neuilly-sur-Seine, France","(48.884831, 2.26851)"
1066,"Tiranë, Shqipëria","(41.3275459, 19.8186982)"
1067,"Aimorés, Brasil","(-19.496567, -41.0718456)"
1068,"Norman, United States","(35.2225668, -97.4394777)"
1069,"Managua, Nicaragua","(12.1149926, -86.2361744)"
1070,"Sussex, United Kingdom","(50.9280143, -0.4617075)"
1071,"Kastoría, Ellás","(40.5192691, 21.2687171)"
1072,"Herdorf, Deutschland","(50.7780348, 7.947323)"
1073,Staten Island,"(40.5795317, -74.1502007)"
1074,"Newport, United States","(41.4901024, -71.3128285)"
1075,"Dimashq, Suriyah","(33.5138073, 36.2765279)"
1076,"Tarnów, Polska","(50.0121011, 20.9858407)"
1077,"Southend-on-Sea, United Kingdom","(51.5459269, 0.7077123)"
1078,"Huesca, España","(42.131845, -0.4078058)"
1079,"Miesbach, Deutschland","(47.7904174, 11.8318549)"
1080,"Radeberg, Deutschland","(51.1129963, 13.9142216)"
1081,"Edinburg, United States","(26.3017374, -98.1633432)"
1082,"Salzburg, Österreich","(47.80949, 13.05501)"
1083,"Chemnitz, Deutschland","(50.827845, 12.9213697)"
1084,"Fox Chase, United States","(40.0729129, -75.0758975)"
1085,"Haute-Garonne, France","(43.4010462, 1.135302)"
1086,"Pila, Polska","(53.1509671, 16.7382266)"
1087,"Hagen, Deutschland","(51.3670777, 7.4632841)"
1088,"Velbert, Deutschland","(51.33707030000001, 7.0426775)"
1089,"Oldenburg, Deutschland","(53.1434501, 8.214552099999999)"
1090,Edinburgh,"(55.953252, -3.188267)"
1091,"Auch, France","(43.64638, 0.5867089999999999)"
1092,"Cortona, Italia","(43.27506340000001, 11.98512)"
1093,"Shoeburyness, United Kingdom","(51.5354901, 0.7905700999999999)"
1094,"Auburn, United States","(32.6098566, -85.48078249999999)"
1095,"New Britain, United States","(41.6612104, -72.7795419)"
1096,Misr,"(26.820553, 30.802498)"
1097,"Wigton, United Kingdom","(54.825544, -3.161231)"
1098,"Glen Ridge, United States","(40.805378, -74.20375659999999)"
1099,"Herington, United States","(38.671119, -96.9425139)"
1100,"Stourbridge, United Kingdom","(52.456891, -2.148731)"
1101,"Macclesfield, United Kingdom","(53.258663, -2.119287)"
1102,"Galata, Türkiye","(41.02616039999999, 28.97345709999999)"
1103,"Long Island, United States","(40.789142, -73.13496099999999)"
1104,"Jaipur, Bharat","(26.9124336, 75.7872709)"
1105,"Warneton, België","(50.7527699, 2.9488295)"
1106,"Chihuahua, México","(28.6329957, -106.0691004)"
1107,"Sassari, Italia","(40.7259269, 8.5556826)"
1108,Hertfordshire,"(51.80978229999999, -0.2376744)"
1109,"Meppen, Deutschland","(52.69534789999999, 7.299400700000001)"
1110,"Cheetham Hill, United Kingdom","(53.5021101, -2.2368975)"
1111,"Pateley Bridge, United Kingdom","(54.0859366, -1.7606929)"
1112,"Decatur, United States","(33.7748275, -84.2963123)"
1113,"Sturgis, United States","(44.4097069, -103.5090786)"
1114,"Draper, United States","(40.5246711, -111.8638226)"
1115,"Poole, United Kingdom","(50.71505, -1.987248)"
1116,"Letchworth, United Kingdom","(51.979074, -0.226624)"
1117,"Wichita, United States","(37.68717609999999, -97.33005299999999)"
1118,"Passaic, United States","(40.8567662, -74.1284764)"
1119,"Guadalajara, España","(40.632489, -3.16017)"
1120,"Cherven Bryag, Bulgaria","(43.28045119999999, 24.0828513)"
1121,"Fargo, United States","(46.8771863, -96.7898034)"
1122,"Shizuoka, Nihon","(34.9755668, 138.3826773)"
1123,"Mamou, United States","(30.6338092, -92.41929929999999)"
1124,"Redcar and Cleveland, United Kingdom","(54.59713439999999, -1.0775997)"
1125,"Ciudad Bolívar, Venezuela","(8.088279100000001, -63.5535552)"
1126,"Ormskirk, United Kingdom","(53.568935, -2.885057)"
1127,"Rodez, France","(44.349389, 2.575986)"
1128,"Minskaya Oblast', Belarus","(54.10678890000001, 27.4129245)"
1129,"Goa, Bharat","(15.2993265, 74.12399599999999)"
1130,"Saugus, United States","(42.4651421, -71.0110473)"
1131,"Rochester, United Kingdom","(51.38800000000001, 0.506721)"
1132,"Cookham, United Kingdom","(51.558437, -0.707741)"
1133,"Limerick, Éire","(52.6638367, -8.6267343)"
1134,"Lódz, Polska","(51.7592485, 19.4559833)"
1135,"Torquay, United Kingdom","(50.4619209, -3.525315)"
1136,"Malden, United States","(42.4250964, -71.066163)"
1137,"Meadowfield, United States","(36.5959698, -80.4436721)"
1138,"Bishop Auckland, United Kingdom","(54.663822, -1.678788)"
1139,"Liepaja, Latvija","(56.5046678, 21.010806)"
1140,"Grandin, United States","(47.2369226, -97.00147299999999)"
1141,"Merano, Italia","(46.6712938, 11.1525179)"
1142,"Graz, Österreich","(47.070714, 15.439504)"
1143,Rochdale,"(53.6097136, -2.1561)"
1144,"Dunbarton, United Kingdom","(55.945287, -4.564554)"
1145,"Ealing, United Kingdom","(51.5132537, -0.3043136)"
1146,"Clapham, United Kingdom","(51.4658813, -0.1413263)"
1147,"Gostynin, Polska","(52.4293273, 19.4619176)"
1148,"Geldern, Deutschland","(51.5204439, 6.3257902)"
1149,"North Kingstown, United States","(41.5568315, -71.4536835)"
1150,"Morioka, Nihon","(39.7019558, 141.1543303)"
1151,"Soul, Taehan Min'guk","(35.907757, 127.766922)"
1152,"Louth, Éire","(53.9252324, -6.4889423)"
1153,"Kingston, United States","(41.9270367, -73.9973608)"
1154,"Duga Resa, Hrvatska","(45.444995, 15.5028305)"
1155,"Lisburn, United Kingdom","(54.516246, -6.058010599999999)"
1156,"New London, United States","(41.3556539, -72.0995209)"
1157,"Kalisz, Polska","(51.76727990000001, 18.0853462)"
1158,"Oxfordshire, United Kingdom","(51.7612056, -1.2464674)"
1159,"Oaxaca, México","(17.0731842, -96.7265889)"
1160,"Pakanbaru, Indonesia","(0.5070677, 101.4477793)"
1161,"British Columbia, Canada","(53.7266683, -127.6476205)"
1162,"Galesburg, United States","(40.94781580000001, -90.3712395)"
1163,"Borehamwood, United Kingdom","(51.657728, -0.272308)"
1164,"Kaluga, Rossiya","(54.5135904, 36.2636786)"
1165,"Valencia, Venezuela","(10.1579312, -67.9972104)"
1166,"Onomichi, Nihon","(34.4088998, 133.2049142)"
1167,"Gerona, España","(41.9794005, 2.8214264)"
1168,"Mesa, United States","(33.4151843, -111.8314724)"
1169,"Sorrento, Italia","(40.6262925, 14.3757985)"
1170,"Luzern, Schweiz","(47.05016819999999, 8.3093072)"
1171,"Dailly, United Kingdom","(55.2766771, -4.7244142)"
1172,"Delhi, Bharat","(28.7040592, 77.10249019999999)"
1173,"Remscheid, Deutschland","(51.1787418, 7.1896963)"
1174,"Fribourg, Schweiz","(46.8064773, 7.161971899999999)"
1175,"Centerville, United States","(39.6283928, -84.15938179999999)"
1176,"Newlyn, United Kingdom","(50.10705799999999, -5.550328899999999)"
1177,"Padova, Italia","(45.4064349, 11.8767611)"
1178,"Leighton Buzzard, United Kingdom","(51.9196839, -0.6606569999999999)"
1179,"Solihull, United Kingdom","(52.411811, -1.77761)"
1180,"Cuenca, España","(40.0703925, -2.1374162)"
1181,"Albi, France","(43.9250853, 2.1486413)"
1182,"Schwerte, Deutschland","(51.4289295, 7.565631499999999)"
1183,"Xiamen, Zhonghua","(24.451694, 118.084251)"
1184,"Sandy, United Kingdom","(52.128118, -0.286788)"
1185,"Woodstock, United Kingdom","(51.847267, -1.354091)"
1186,"Pasadena, United States","(34.1477849, -118.1445155)"
1187,"Rahway, United States","(40.60815909999999, -74.2776468)"
1188,"Lexington, United States","(38.0405837, -84.5037164)"
1189,"Lublin, Polska","(51.2464536, 22.5684463)"
1190,"Nazeing, United Kingdom","(51.740644, 0.048348)"
1191,"Ulverston, United Kingdom","(54.195138, -3.09267)"
1192,"Mecklenburg, Deutschland","(53.6126505, 12.4295953)"
1193,"Koszeg, Magyarország","(47.3859176, 16.5397128)"
1194,"Stalbridge, United Kingdom","(50.958624, -2.378667)"
1195,"New Plymouth, New Zealand","(-39.0571533, 174.0794082)"
1196,"Santander, España","(43.46230569999999, -3.8099803)"
1197,"Brno, Ceská Republika","(49.1950602, 16.6068371)"
1198,"Lenox, United States","(42.35646089999999, -73.2848762)"
1199,"Pécs, Magyarország","(46.0727345, 18.232266)"
1200,"Swindon, United Kingdom","(51.55577390000001, -1.7797176)"
1201,"Beograd, Jugoslavija","(44.8295445, 20.4201481)"
1202,"Lecce, Italia","(40.3515155, 18.1750161)"
1203,"Brescia, Italia","(45.5415526, 10.2118019)"
1204,"Quimper, France","(47.997542, -4.097899)"
1205,"Accrington, United Kingdom","(53.753609, -2.37218)"
1206,"Papendrecht, Nederland","(51.8424811, 4.6941834)"
1207,"Lyon, France","(45.764043, 4.835659)"
1208,"Waal, Deutschland","(47.995807, 10.7764229)"
1209,"Rochford, United Kingdom","(51.582071, 0.706515)"
1210,"Cuiseaux, France","(46.4940939, 5.389005)"
1211,Viet Nam,"(14.058324, 108.277199)"
1212,"Cleckheaton, United Kingdom","(53.723048, -1.707525)"
1213,"Stockton, United States","(37.9577016, -121.2907796)"
1214,"Columbus, United States","(39.9611755, -82.99879419999999)"
1215,"Chigwell, United Kingdom","(51.62628100000001, 0.080647)"
1216,"Devonport, United Kingdom","(50.3727074, -4.1759219)"
1217,"Renfrew, United Kingdom","(55.875322, -4.391541999999999)"
1218,"Sedbergh, United Kingdom","(54.323629, -2.528174)"
1219,"Christchurch, New Zealand","(-43.5320214, 172.6305589)"
1220,Canterbury,"(51.280233, 1.0789089)"
1221,"Krung Thep, Prathet Thai","(13.7563309, 100.5017651)"
1222,"Comines, France","(50.7650099, 3.006234)"
1223,Samoa,"(-13.759029, -172.104629)"
1224,"Emsdetten, Deutschland","(52.16818929999999, 7.531058)"
1225,"Swarthmore, United States","(39.9020565, -75.3499123)"
1226,"Hertford, United Kingdom","(51.795756, -0.08115699999999999)"
1227,"Highland Park, United States","(42.1816918, -87.8003437)"
1228,"Abergavenny, United Kingdom","(51.825366, -3.019423)"
1229,"Codsall, United Kingdom","(52.628089, -2.192079)"
1230,"Lowell, United States","(42.6334247, -71.31617179999999)"
1231,"Eltham, United Kingdom","(51.4506338, 0.0570862)"
1232,"Bessemer, United States","(33.4017766, -86.954437)"
1233,"Cults, United Kingdom","(57.118628, -2.174319000000001)"
1234,"Georgetown, Guyana","(6.8012793, -58.1551255)"
1235,"Llangefni, United Kingdom","(53.255785, -4.311402)"
1236,"Merthyr Tydfil, United Kingdom","(51.74872999999999, -3.381646)"
1237,"Braunschweig, Deutschland","(52.2688736, 10.5267696)"
1238,"Red Bank, United States","(40.3470543, -74.0643065)"
1239,"Knowsley, United Kingdom","(53.43282199999999, -2.8279778)"
1240,"Keswick, United Kingdom","(54.601276, -3.134706)"
1241,"Castle Cary, United Kingdom","(51.088689, -2.5131009)"
1242,"Denver, United States","(39.7392358, -104.990251)"
1243,"Henley-on-Thames, United Kingdom","(51.535764, -0.902894)"
1244,"Peterborough, United Kingdom","(52.56949849999999, -0.2405299)"
1245,"Haarlem, Nederland","(52.3873878, 4.6462194)"
1246,"Hythe, United Kingdom","(51.071739, 1.081937)"
1247,"Kyoto, Nihon","(35.011564, 135.7681489)"
1248,"Nagasaki, Nihon","(32.7503334, 129.8778888)"
1249,"Fukuoka, Nihon","(33.5901838, 130.4016888)"
1250,"Harpenden, United Kingdom","(51.81845999999999, -0.358953)"
1251,"Taganrog, Rossiya","(47.2125752, 38.9159658)"
1252,"Lusaka, Zambia","(-15.3875259, 28.3228165)"
1253,"Sayda, Al-Lubnan","(33.5570691, 35.372948)"
1254,"Nizhniy Novgorod, Rossiya","(56.3268684, 44.0058793)"
1255,"Smolensk, Rossiya","(54.7903112, 32.0503663)"
1256,"Elizabeth, United States","(40.6639916, -74.2107006)"
1257,"Jilin, Zhonghua","(43.8413311, 126.5446422)"
1258,"Heppenheim an der Bergstrasse, Deutschland","(49.6430169, 8.6675419)"
1259,"Sausalito, United States","(37.8590937, -122.4852507)"
1260,"Frankfurt am Main, Deutschland","(50.1109221, 8.6821267)"
1261,"Andorno Micca, Italia","(45.6526477, 7.9631221)"
1262,"Des Moines, United States","(41.5868353, -93.6249593)"
1263,España,"(40.46366700000001, -3.74922)"
